Date,Year,Month,Day,Weekday,Week_Number,Year_Week,Open,High,Low,Close,Volume,Adj Close,Return,Short_MA,Long_MA,label
2017-01-03,2017,1,3,Tuesday,1,2017-01,69.24,69.24,68.05,68.66,10473200.0,62.93,-0.006655123275529085,64.48571428571428,64.08980000000001,red
2017-01-04,2017,1,4,Wednesday,1,2017-01,68.66,69.63,68.6,69.06,7918000.0,63.3,0.005825822192305985,64.30642857142854,64.11200000000002,red
2017-01-05,2017,1,5,Thursday,1,2017-01,68.43,69.33,68.12,69.21,7099200.0,63.43,0.002171946595836305,64.16642857142854,64.12140000000001,red
2017-01-06,2017,1,6,Friday,1,2017-01,68.41,68.5,68.01,68.26,9491100.0,62.56,-0.01372635110734699,63.981428571428545,64.11020000000002,red
2017-01-09,2017,1,9,Monday,2,2017-02,68.33,68.8,68.32,68.71,8685200.0,62.97,0.0065923882509797424,63.83214285714283,64.10300000000001,red
2017-01-10,2017,1,10,Tuesday,2,2017-02,68.64,69.27,68.22,68.23,10256500.0,62.53,-0.006985657903145648,63.612857142857116,64.08260000000001,red
2017-01-11,2017,1,11,Wednesday,2,2017-02,68.2,68.62,68.19,68.53,6697600.0,62.81,0.004396674131811551,63.39785714285711,64.06500000000001,red
2017-01-12,2017,1,12,Thursday,2,2017-02,68.36,68.56,67.92,67.97,6544900.0,62.3,-0.008171259681358456,63.184285714285686,64.03660000000002,red
2017-01-13,2017,1,13,Friday,2,2017-02,67.98,68.02,67.08,67.13,10012500.0,61.53,-0.012358450607500404,63.02357142857141,64.00600000000003,red
2017-01-17,2017,1,17,Tuesday,3,2017-03,68.1,69.29,68.06,68.42,13167500.0,62.71,0.01921638739580267,62.94999999999998,63.996200000000016,green
2017-01-18,2017,1,18,Wednesday,3,2017-03,67.88,68.11,67.54,68.11,7321500.0,62.42,-0.004530948054785045,62.84571428571425,63.97740000000002,green
2017-01-19,2017,1,19,Thursday,3,2017-03,68.13,68.19,67.48,67.62,6821100.0,61.98,-0.007194162393120652,62.73571428571425,63.95820000000002,green
2017-01-20,2017,1,20,Friday,3,2017-03,67.74,67.83,67.02,67.18,12054700.0,61.57,-0.0065071194046377725,62.599285714285706,63.91960000000003,green
2017-01-23,2017,1,23,Monday,4,2017-04,67.01,67.18,66.56,66.65,7951400.0,61.09,-0.007889202483520763,62.43785714285713,63.871200000000016,red
2017-01-24,2017,1,24,Tuesday,4,2017-04,66.89,67.41,66.66,67.4,10710600.0,61.77,0.011252910598879451,62.35499999999998,63.81260000000003,red
2017-01-25,2017,1,25,Wednesday,4,2017-04,67.52,67.73,66.79,66.89,8722900.0,61.31,-0.007566729067650212,62.21285714285713,63.73940000000003,red
2017-01-26,2017,1,26,Thursday,4,2017-04,67.13,67.22,66.62,66.73,6504100.0,61.16,-0.0023918678484302625,62.05071428571427,63.66620000000002,red
2017-01-27,2017,1,27,Friday,4,2017-04,66.86,66.97,65.28,65.66,13433600.0,60.18,-0.016034809397454497,61.880714285714255,63.58680000000002,red
2017-01-30,2017,1,30,Monday,5,2017-05,65.63,66.48,65.63,66.42,8641500.0,60.88,0.011574646189390858,61.731428571428545,63.50460000000002,green
2017-01-31,2017,1,31,Tuesday,5,2017-05,66.21,66.89,65.88,66.74,9320900.0,61.17,0.004817586547052555,61.63428571428569,63.42860000000003,green
2017-02-01,2017,2,1,Wednesday,5,2017-05,66.46,66.71,66.04,66.23,9050000.0,60.7,-0.007641309883244741,61.4835714285714,63.38340000000003,green
2017-02-02,2017,2,2,Thursday,5,2017-05,66.34,67.14,66.34,66.7,8998700.0,61.13,0.007096286082135528,61.399999999999984,63.35860000000003,green
2017-02-03,2017,2,3,Friday,5,2017-05,66.82,66.93,66.44,66.5,7625300.0,60.95,-0.0029984145861815525,61.35857142857142,63.31500000000002,green
2017-02-06,2017,2,6,Monday,6,2017-06,66.37,66.86,66.37,66.4,9097200.0,60.86,-0.001503622174746866,61.22642857142856,63.25600000000003,green
2017-02-07,2017,2,7,Tuesday,6,2017-06,66.56,67.0,66.51,66.89,5805700.0,61.31,0.0073794955480945825,61.147142857142846,63.19300000000002,green
2017-02-08,2017,2,8,Wednesday,6,2017-06,66.89,67.82,66.89,67.81,7660800.0,62.15,0.013753613468928894,61.15928571428571,63.13960000000003,green
2017-02-09,2017,2,9,Thursday,6,2017-06,67.81,69.14,67.75,69.08,11080500.0,63.31,0.018729133365880783,61.283571428571406,63.11020000000002,green
2017-02-10,2017,2,10,Friday,6,2017-06,68.25,68.6,67.76,68.02,12445600.0,62.34,-0.015344487439399757,61.372857142857114,63.05800000000003,green
2017-02-13,2017,2,13,Monday,7,2017-07,68.32,68.65,67.56,67.77,8374300.0,62.11,-0.00367566544872644,61.39714285714284,63.01840000000003,green
2017-02-14,2017,2,14,Tuesday,7,2017-07,67.88,68.68,67.71,68.66,8462300.0,62.93,0.013132771779160723,61.512857142857115,62.99080000000003,green
2017-02-15,2017,2,15,Wednesday,7,2017-07,67.8,68.71,67.76,68.69,8563300.0,62.96,0.0004370654805319063,61.64142857142855,62.96000000000003,green
2017-02-16,2017,2,16,Thursday,7,2017-07,68.67,69.24,68.61,68.87,8413800.0,63.12,0.00262058070502702,61.85142857142855,62.94940000000002,green
2017-02-17,2017,2,17,Friday,7,2017-07,68.83,69.79,68.69,69.37,12837400.0,63.58,0.0072599347198738515,62.04428571428571,62.94040000000002,green
2017-02-21,2017,2,21,Tuesday,8,2017-08,71.21,72.28,70.7,71.45,22412900.0,65.49,0.029984090691458576,62.35285714285713,62.95600000000001,green
2017-02-22,2017,2,22,Wednesday,8,2017-08,72.25,72.37,71.48,71.71,15242700.0,65.72,0.003639018668451177,62.71142857142856,62.981000000000016,green
2017-02-23,2017,2,23,Thursday,8,2017-08,72.0,72.5,71.16,71.31,12799700.0,65.36,-0.005578325058421263,63.013571428571424,63.00360000000001,green
2017-02-24,2017,2,24,Friday,8,2017-08,71.34,72.8,71.3,72.39,13889900.0,66.35,0.015145208017521172,63.39928571428571,63.01680000000001,green
2017-02-27,2017,2,27,Monday,9,2017-09,72.28,72.42,71.53,71.74,9254700.0,65.75,-0.008979241698749306,63.748571428571424,63.015600000000006,red
2017-02-28,2017,2,28,Tuesday,9,2017-09,70.87,71.0,70.0,70.93,15952600.0,65.01,-0.01129053256401513,64.01285714285713,63.00800000000002,red
2017-03-01,2017,3,1,Wednesday,9,2017-09,70.97,71.08,70.15,70.45,13522700.0,64.57,-0.006767016121555392,64.18571428571427,62.99640000000002,red
2017-03-02,2017,3,2,Thursday,9,2017-09,70.42,70.9,70.17,70.76,8916300.0,64.85,0.004400211786777852,64.29571428571428,62.99220000000002,red
2017-03-03,2017,3,3,Friday,9,2017-09,70.76,71.02,69.88,70.03,9297900.0,64.18,-0.010316724877180272,64.42714285714285,62.96380000000002,red
2017-03-06,2017,3,6,Monday,10,2017-10,70.0,70.44,69.78,69.88,9182600.0,64.05,-0.002141862396841332,64.56571428571428,62.92840000000002,green
2017-03-07,2017,3,7,Tuesday,10,2017-10,69.9,70.21,69.86,69.87,7282900.0,64.04,-0.00014306555535348317,64.645,62.90340000000002,green
2017-03-08,2017,3,8,Wednesday,10,2017-10,69.69,70.03,69.54,69.8,7979800.0,64.44,0.006343559913609909,64.75071428571427,62.91660000000002,green
2017-03-09,2017,3,9,Thursday,10,2017-10,69.75,70.04,69.56,69.86,7564500.0,64.5,0.0008594973929170191,64.84928571428571,62.93180000000002,green
2017-03-10,2017,3,10,Friday,10,2017-10,70.0,70.36,69.8,70.1,7098800.0,64.72,0.003435510311794676,64.93071428571427,62.948600000000006,green
2017-03-13,2017,3,13,Monday,11,2017-11,69.99,70.45,69.71,69.95,6802500.0,64.58,-0.002139547790365848,64.86571428571428,62.969800000000006,red
2017-03-14,2017,3,14,Tuesday,11,2017-11,70.82,71.21,70.72,70.72,9958400.0,65.29,0.011007506127324262,64.83499999999998,63.00600000000002,red
2017-03-15,2017,3,15,Wednesday,11,2017-11,70.5,70.7,70.02,70.58,8813800.0,65.16,-0.001979404610517044,64.82071428571426,63.04220000000001,red
2017-03-16,2017,3,16,Thursday,11,2017-11,70.11,70.7,70.07,70.44,7061000.0,65.03,-0.001983564583338482,64.72642857142854,63.08420000000002,red
2017-03-17,2017,3,17,Friday,11,2017-11,70.58,70.75,69.81,69.89,14078400.0,64.53,-0.007808197017284969,64.63928571428569,63.108800000000016,red
2017-03-20,2017,3,20,Monday,12,2017-12,70.14,70.45,69.71,69.98,7466200.0,64.61,0.0012875859218264285,64.61071428571425,63.13240000000002,red
2017-03-21,2017,3,21,Tuesday,12,2017-12,70.17,70.4,69.69,69.9,8746800.0,64.54,-0.0011430490455421882,64.6085714285714,63.17200000000002,red
2017-03-22,2017,3,22,Wednesday,12,2017-12,70.03,70.34,69.72,70.25,6455600.0,64.86,0.005007035195364606,64.60928571428568,63.20980000000003,red
2017-03-23,2017,3,23,Thursday,12,2017-12,70.2,70.31,69.75,69.86,6898800.0,64.5,-0.005551535232692807,64.63214285714282,63.24920000000003,red
2017-03-24,2017,3,24,Friday,12,2017-12,69.99,70.17,69.53,69.61,5859000.0,64.27,-0.0035786368603855094,64.6478571428571,63.27840000000002,red
2017-03-27,2017,3,27,Monday,13,2017-13,69.52,70.07,69.36,69.66,5792600.0,64.31,0.0007185590641187732,64.66714285714282,63.31860000000002,green
2017-03-28,2017,3,28,Tuesday,13,2017-13,69.33,70.37,69.33,70.32,7252200.0,64.92,0.009474420440871212,64.70142857142854,63.386400000000016,green
2017-03-29,2017,3,29,Wednesday,13,2017-13,70.35,71.18,70.31,70.74,6991000.0,65.31,0.005972814159425077,64.75928571428567,63.438400000000016,green
2017-03-30,2017,3,30,Thursday,13,2017-13,70.69,71.72,70.64,71.59,8141500.0,66.1,0.01201546489238825,64.8578571428571,63.51200000000002,green
2017-03-31,2017,3,31,Friday,13,2017-13,71.32,72.56,71.23,72.08,9939800.0,66.55,0.0068448797875202425,64.99857142857138,63.60340000000002,green
2017-04-03,2017,4,3,Monday,14,2017-14,72.08,72.53,71.78,71.83,8291300.0,66.32,-0.0034684174986902017,65.07214285714281,63.69840000000002,green
2017-04-04,2017,4,4,Tuesday,14,2017-14,71.74,72.06,71.53,72.01,5567300.0,66.48,0.002505966092897216,65.16642857142853,63.80620000000002,green
2017-04-05,2017,4,5,Wednesday,14,2017-14,71.64,72.31,71.56,71.65,6354500.0,66.15,-0.004999289094549718,65.24642857142852,63.89380000000002,green
2017-04-06,2017,4,6,Thursday,14,2017-14,71.7,72.1,71.38,71.43,5941100.0,65.95,-0.003070580210950191,65.34785714285711,63.98660000000002,green
2017-04-07,2017,4,7,Friday,14,2017-14,72.1,72.99,71.8,72.9,10768000.0,67.31,0.020579589428566525,65.54071428571424,64.10960000000001,green
2017-04-10,2017,4,10,Monday,15,2017-15,72.99,73.48,72.73,73.06,7495900.0,67.45,0.0021948684535524343,65.7485714285714,64.25500000000002,green
2017-04-11,2017,4,11,Tuesday,15,2017-15,73.0,73.45,72.93,73.43,5810500.0,67.8,0.005064185102107155,65.95857142857139,64.39340000000001,green
2017-04-12,2017,4,12,Wednesday,15,2017-15,73.55,73.83,73.25,73.44,6627300.0,67.8,0.0001362805953313284,66.19428571428567,64.52600000000002,green
2017-04-13,2017,4,13,Thursday,15,2017-15,73.37,73.66,73.15,73.15,5336400.0,67.54,-0.0039486732118196866,66.42785714285709,64.66280000000002,green
2017-04-17,2017,4,17,Monday,16,2017-16,73.16,73.58,73.15,73.49,5465400.0,67.85,0.004647773275693322,66.68071428571423,64.79720000000002,green
2017-04-18,2017,4,18,Tuesday,16,2017-16,73.54,74.1,73.48,73.89,6627900.0,68.22,0.005442950055091878,66.91642857142853,64.94260000000003,green
2017-04-19,2017,4,19,Wednesday,16,2017-16,74.1,74.38,73.86,74.07,5940600.0,68.39,0.0024361016781400124,67.13642857142852,65.09320000000001,green
2017-04-20,2017,4,20,Thursday,16,2017-16,74.14,75.11,74.11,74.8,7681300.0,69.06,0.009855717525510066,67.34785714285711,65.24820000000001,green
2017-04-21,2017,4,21,Friday,16,2017-16,74.74,75.11,74.6,74.94,5755700.0,69.19,0.0018714365098040364,67.53642857142853,65.38900000000001,green
2017-04-24,2017,4,24,Monday,17,2017-17,75.08,75.4,74.42,74.78,7812500.0,69.04,-0.002134899727748163,67.73071428571424,65.50360000000002,green
2017-04-25,2017,4,25,Tuesday,17,2017-17,74.97,75.17,74.86,75.05,5720400.0,69.29,0.0036104960644565134,67.93142857142853,65.64260000000002,green
2017-04-26,2017,4,26,Wednesday,17,2017-17,75.27,75.77,75.17,75.43,6948500.0,69.64,0.005063023817561518,68.18071428571423,65.79320000000001,green
2017-04-27,2017,4,27,Thursday,17,2017-17,75.54,75.7,75.02,75.44,6052200.0,69.65,0.0001328862891039062,68.44499999999995,65.92760000000001,green
2017-04-28,2017,4,28,Friday,17,2017-17,75.24,75.44,74.93,75.18,7330400.0,69.41,-0.0034466977708521584,68.59499999999996,66.0566,green
2017-05-01,2017,5,1,Monday,18,2017-18,75.09,75.72,75.09,75.23,6165900.0,69.46,0.0006652119643186793,68.73857142857139,66.1834,green
2017-05-02,2017,5,2,Tuesday,18,2017-18,75.3,75.71,75.25,75.52,7318400.0,69.73,0.0038548297521590062,68.87642857142853,66.30640000000001,green
2017-05-03,2017,5,3,Wednesday,18,2017-18,75.4,75.88,75.18,75.76,5523600.0,69.95,0.0031779195049610465,69.02999999999997,66.39560000000002,green
2017-05-04,2017,5,4,Thursday,18,2017-18,75.93,76.4,75.83,76.34,5500800.0,70.48,0.007655833999869799,69.23999999999998,66.49080000000002,green
2017-05-05,2017,5,5,Friday,18,2017-18,76.42,76.6,76.18,76.5,5597800.0,70.63,0.002095747778524615,69.43857142857141,66.59620000000001,green
2017-05-08,2017,5,8,Monday,19,2017-19,76.5,76.52,76.07,76.12,6512200.0,70.28,-0.004967058924940647,69.58571428571427,66.67480000000002,red
2017-05-09,2017,5,9,Tuesday,19,2017-19,76.44,77.05,76.33,76.72,8255300.0,70.83,0.007882228596787888,69.75999999999998,66.77640000000002,red
2017-05-10,2017,5,10,Wednesday,19,2017-19,76.33,76.78,76.19,76.7,7511900.0,71.29,0.006429622059633156,69.9192857142857,66.90200000000002,red
2017-05-11,2017,5,11,Thursday,19,2017-19,76.35,76.72,75.93,76.13,8349400.0,70.76,-0.007431578429158647,70.03142857142856,67.02580000000002,red
2017-05-12,2017,5,12,Friday,19,2017-19,75.95,76.25,75.37,75.71,5892900.0,70.37,-0.005517188583282873,70.12642857142858,67.13620000000002,red
2017-05-15,2017,5,15,Monday,20,2017-20,75.8,76.47,75.8,76.29,8843900.0,70.91,0.007660706291597873,70.24214285714287,67.27080000000002,green
2017-05-16,2017,5,16,Tuesday,20,2017-20,76.19,76.27,75.08,75.11,8371800.0,69.81,-0.015466930235750962,70.25428571428571,67.38600000000001,green
2017-05-17,2017,5,17,Wednesday,20,2017-20,75.11,75.73,74.96,75.12,10971000.0,69.82,0.00013333028786566278,70.26642857142858,67.50160000000001,green
2017-05-18,2017,5,18,Thursday,20,2017-20,76.89,77.66,76.13,77.54,19166800.0,72.07,0.03221507810419544,70.45642857142859,67.65420000000002,green
2017-05-19,2017,5,19,Friday,20,2017-20,77.97,79.44,77.77,78.77,18581700.0,73.21,0.015862602729995512,70.72428571428574,67.82840000000002,green
2017-05-22,2017,5,22,Monday,21,2017-21,78.65,79.0,78.3,78.55,8897600.0,73.01,-0.002792805607703564,70.95857142857143,67.99420000000003,red
2017-05-23,2017,5,23,Tuesday,21,2017-21,78.58,78.97,78.44,78.49,7584900.0,72.95,-0.0007640069242372817,71.17285714285715,68.16160000000002,red
2017-05-24,2017,5,24,Wednesday,21,2017-21,78.56,78.61,78.14,78.15,7427000.0,72.64,-0.004331741542070722,71.32714285714287,68.30860000000003,red
2017-05-25,2017,5,25,Thursday,21,2017-21,78.36,78.85,78.15,78.31,6135000.0,72.78,0.0020473598490171607,71.4807142857143,68.46100000000003,red
2017-05-26,2017,5,26,Friday,21,2017-21,78.37,78.54,77.79,78.13,6125800.0,72.62,-0.0022985214117415827,71.64785714285716,68.61280000000002,red
2017-05-30,2017,5,30,Tuesday,22,2017-22,78.0,78.4,77.93,78.15,5410400.0,72.64,0.0002559329480891215,71.77714285714288,68.77500000000002,green
2017-05-31,2017,5,31,Wednesday,22,2017-22,78.35,78.92,78.22,78.6,8201700.0,73.05,0.005758173316384729,71.90285714285717,68.94380000000002,green
2017-06-01,2017,6,1,Thursday,22,2017-22,78.64,79.81,78.6,79.81,8153100.0,74.18,0.015394384031957031,72.14714285714288,69.13660000000002,green
2017-06-02,2017,6,2,Friday,22,2017-22,79.8,79.93,79.22,79.62,7996500.0,74.0,-0.002380697211970761,72.40642857142859,69.31940000000002,green
2017-06-05,2017,6,5,Monday,23,2017-23,79.6,80.47,79.48,80.26,10145700.0,74.6,0.008038343710871532,72.67000000000003,69.52140000000001,red
2017-06-06,2017,6,6,Tuesday,23,2017-23,79.43,79.56,78.26,78.93,11525900.0,73.36,-0.01657123769790636,72.92357142857145,69.70320000000001,red
2017-06-07,2017,6,7,Wednesday,23,2017-23,79.08,79.5,78.73,79.15,8511200.0,73.57,0.002787248232737349,73.19142857142859,69.88840000000002,red
2017-06-08,2017,6,8,Thursday,23,2017-23,79.15,80.13,78.23,78.93,10933000.0,73.36,-0.0027795010732829533,73.28357142857145,70.05720000000002,red
2017-06-09,2017,6,9,Friday,23,2017-23,79.03,79.56,78.72,79.42,9405100.0,73.82,0.006208051789299729,73.32714285714289,70.22740000000003,red
2017-06-12,2017,6,12,Monday,24,2017-24,79.4,80.37,78.84,79.24,10410600.0,73.65,-0.002266396465794074,73.37285714285717,70.37840000000003,red
2017-06-13,2017,6,13,Tuesday,24,2017-24,79.21,79.57,78.89,79.52,5528000.0,73.91,0.003533490936766581,73.44142857142859,70.52560000000003,red
2017-06-14,2017,6,14,Wednesday,24,2017-24,79.52,80.04,79.26,79.9,5006500.0,74.26,0.004778552215943589,73.55714285714289,70.68440000000002,red
2017-06-15,2017,6,15,Thursday,24,2017-24,79.18,79.3,77.76,78.91,11297200.0,73.34,-0.012390297876100131,73.59714285714288,70.82160000000003,red
2017-06-16,2017,6,16,Friday,24,2017-24,73.95,75.5,73.29,75.24,56233000.0,69.93,-0.04650904423434543,73.40500000000004,70.89720000000003,red
2017-06-19,2017,6,19,Monday,25,2017-25,75.38,76.01,74.52,75.5,16095100.0,70.17,0.003456016953008012,73.22857142857147,70.98160000000003,red
2017-06-20,2017,6,20,Tuesday,25,2017-25,75.88,75.92,75.32,75.54,10019200.0,70.21,0.0005298051549944559,73.02571428571433,71.03960000000002,red
2017-06-21,2017,6,21,Wednesday,25,2017-25,75.6,76.61,75.58,76.24,9011400.0,70.86,0.009266843674729186,72.78857142857146,71.10780000000005,red
2017-06-22,2017,6,22,Thursday,25,2017-25,76.03,76.06,75.3,75.52,8111300.0,70.19,-0.009444250583529712,72.51642857142859,71.15560000000005,red
2017-06-23,2017,6,23,Friday,25,2017-25,75.6,75.78,74.55,74.84,13080300.0,69.56,-0.009004303840065342,72.15642857142859,71.19080000000002,red
2017-06-26,2017,6,26,Monday,26,2017-26,74.95,75.93,74.92,75.5,8587500.0,70.17,0.008819043764529466,71.92857142857146,71.24340000000002,green
2017-06-27,2017,6,27,Tuesday,26,2017-26,75.5,76.37,75.45,76.01,6454400.0,70.65,0.006754825461655178,71.72000000000003,71.29940000000003,green
2017-06-28,2017,6,28,Wednesday,26,2017-26,76.25,76.8,76.14,76.51,6988900.0,71.11,0.0065781843118408725,71.55928571428574,71.35720000000003,green
2017-06-29,2017,6,29,Thursday,26,2017-26,76.25,76.32,75.49,75.93,7063500.0,70.57,-0.007580602575132489,71.32714285714289,71.40080000000005,green
2017-06-30,2017,6,30,Friday,26,2017-26,76.08,76.27,75.67,75.68,6963300.0,70.34,-0.0032926109171073077,71.09071428571431,71.42640000000004,green
2017-07-03,2017,7,3,Monday,27,2017-27,75.84,76.34,75.08,75.36,4848600.0,70.04,-0.004228143609371625,70.81428571428575,71.44340000000005,red
2017-07-05,2017,7,5,Wednesday,27,2017-27,75.55,75.95,75.17,75.32,6036900.0,70.01,-0.000531116094288131,70.51071428571433,71.46280000000007,red
2017-07-06,2017,7,6,Thursday,27,2017-27,75.35,75.97,75.24,75.47,6161800.0,70.15,0.00199154492511866,70.28285714285718,71.48000000000006,red
2017-07-07,2017,7,7,Friday,27,2017-27,75.65,75.82,75.05,75.33,5307100.0,70.02,-0.0018548922592999122,70.28928571428574,71.48760000000007,red
2017-07-10,2017,7,10,Monday,28,2017-28,75.15,75.31,73.13,73.23,15066700.0,68.06,-0.0278773775034159,70.13857142857147,71.45580000000005,green
2017-07-11,2017,7,11,Tuesday,28,2017-28,73.38,74.05,73.33,73.47,7532600.0,68.29,0.0032775933228563763,70.00142857142862,71.43340000000006,green
2017-07-12,2017,7,12,Wednesday,28,2017-28,73.66,74.21,73.66,73.94,5700200.0,68.72,0.006397129967085302,69.84857142857147,71.41860000000005,green
2017-07-13,2017,7,13,Thursday,28,2017-28,74.67,75.25,74.51,75.05,8160500.0,69.75,0.01501197256517961,69.8171428571429,71.41900000000005,green
2017-07-14,2017,7,14,Friday,28,2017-28,76.27,76.56,75.91,76.34,9151900.0,70.95,0.017188419429283952,69.91642857142861,71.43900000000005,green
2017-07-17,2017,7,17,Monday,29,2017-29,76.29,76.87,76.19,76.37,8835600.0,70.98,0.00039290102894051765,69.97428571428576,71.44900000000004,red
2017-07-18,2017,7,18,Tuesday,29,2017-29,76.25,76.54,76.0,76.2,4314900.0,70.82,-0.00222599467352047,69.98642857142862,71.45280000000005,red
2017-07-19,2017,7,19,Wednesday,29,2017-29,76.08,76.22,75.6,75.87,5313600.0,70.52,-0.004330821644219164,69.94428571428577,71.45760000000004,red
2017-07-20,2017,7,20,Thursday,29,2017-29,75.98,76.25,75.7,76.02,4965400.0,70.66,0.001977216194282372,69.95071428571434,71.45420000000004,red
2017-07-21,2017,7,21,Friday,29,2017-29,75.84,76.23,75.55,76.15,7153300.0,70.78,0.0017102779074724685,69.98214285714293,71.44400000000005,red
2017-07-24,2017,7,24,Monday,30,2017-30,76.03,77.16,76.03,76.89,7388000.0,71.46,0.009717678532295215,70.08357142857149,71.45800000000004,green
2017-07-25,2017,7,25,Tuesday,30,2017-30,77.61,78.86,77.39,78.52,11504000.0,72.98,0.021198760720683163,70.29571428571434,71.51020000000005,green
2017-07-26,2017,7,26,Wednesday,30,2017-30,78.55,79.17,77.94,78.9,6716100.0,73.33,0.004839829108954419,70.52285714285719,71.55860000000007,green
2017-07-27,2017,7,27,Thursday,30,2017-30,78.72,79.86,78.48,79.78,8052500.0,74.15,0.011153335289931121,70.81785714285719,71.64540000000005,green
2017-07-28,2017,7,28,Friday,30,2017-30,79.8,79.96,79.54,79.81,4975200.0,74.18,0.0003759596539936183,71.25500000000007,71.73260000000005,green
2017-07-31,2017,7,31,Monday,31,2017-31,79.82,80.34,79.69,79.99,6263200.0,74.35,0.0022553215735989784,71.6878571428572,71.77820000000004,green
2017-08-01,2017,8,1,Tuesday,31,2017-31,80.25,80.73,80.0,80.5,5726500.0,74.82,0.006375869574363868,72.12357142857148,71.81040000000004,green
2017-08-02,2017,8,2,Wednesday,31,2017-31,80.34,81.11,80.3,80.53,8673000.0,74.85,0.00037269901694125807,72.4878571428572,71.84720000000004,green
2017-08-03,2017,8,3,Thursday,31,2017-31,81.34,81.76,80.67,80.87,9946900.0,75.16,0.004222008754705131,72.78857142857147,71.89140000000003,green
2017-08-04,2017,8,4,Friday,31,2017-31,81.06,81.4,80.21,80.48,7141800.0,74.8,-0.0048226152151520365,73.06142857142859,71.93460000000005,green
2017-08-07,2017,8,7,Monday,32,2017-32,80.57,81.45,80.54,81.28,5484500.0,75.55,0.00994053284625962,73.39928571428574,71.99000000000005,green
2017-08-08,2017,8,8,Tuesday,32,2017-32,81.17,81.86,80.9,81.59,7381400.0,75.83,0.0038139279822537726,73.77857142857147,72.05420000000005,green
2017-08-09,2017,8,9,Wednesday,32,2017-32,81.11,81.99,80.9,81.61,6606500.0,76.33,0.006536762434818932,74.18357142857145,72.12800000000004,green
2017-08-10,2017,8,10,Thursday,32,2017-32,81.07,81.4,80.55,80.66,8045000.0,75.44,-0.011640741766564822,74.51642857142859,72.17580000000005,green
2017-08-11,2017,8,11,Friday,32,2017-32,80.73,81.25,80.36,80.4,7905500.0,75.2,-0.00322355807592567,74.78357142857145,72.19620000000005,green
2017-08-14,2017,8,14,Monday,33,2017-33,80.59,81.24,80.5,80.7,7792000.0,75.48,0.003731534464315844,74.96214285714291,72.22580000000005,red
2017-08-15,2017,8,15,Tuesday,33,2017-33,80.83,81.4,80.54,80.77,7066100.0,75.54,0.0008671747811543895,75.12000000000003,72.24460000000005,red
2017-08-16,2017,8,16,Wednesday,33,2017-33,81.27,81.44,80.54,80.98,11536000.0,75.74,0.002600078269980877,75.23357142857147,72.29220000000005,red
2017-08-17,2017,8,17,Thursday,33,2017-33,78.85,79.81,78.33,79.7,17293700.0,74.54,-0.01580670409181884,75.25928571428574,72.31160000000004,red
2017-08-18,2017,8,18,Friday,33,2017-33,79.62,80.35,79.28,79.31,9753000.0,74.18,-0.004892916406827097,75.24714285714289,72.32800000000003,red
2017-08-21,2017,8,21,Monday,34,2017-34,79.12,80.07,78.79,79.71,9613900.0,74.55,0.0050432778323181715,75.22785714285719,72.34260000000003,red
2017-08-22,2017,8,22,Tuesday,34,2017-34,79.8,80.16,79.71,80.02,6546100.0,74.84,0.003889096234127143,75.22714285714291,72.36640000000003,red
2017-08-23,2017,8,23,Wednesday,34,2017-34,80.35,80.56,79.88,79.96,7799300.0,74.79,-0.0007497694624555296,75.20071428571431,72.38400000000003,red
2017-08-24,2017,8,24,Thursday,34,2017-34,80.61,80.88,77.85,78.34,19128000.0,73.27,-0.02026018923873896,75.09142857142861,72.36420000000003,red
2017-08-25,2017,8,25,Friday,34,2017-34,78.5,79.09,78.48,78.63,9902200.0,73.54,0.0037017908666736603,74.94785714285717,72.36820000000003,red
2017-08-28,2017,8,28,Monday,35,2017-35,78.41,78.46,77.86,78.03,8621500.0,72.98,-0.007630548378037782,74.74428571428575,72.42920000000002,red
2017-08-29,2017,8,29,Tuesday,35,2017-35,77.67,78.98,77.5,78.77,7665200.0,73.67,0.00948364829106585,74.55428571428577,72.49920000000003,red
2017-08-30,2017,8,30,Wednesday,35,2017-35,78.82,79.1,78.52,78.54,5829800.0,73.46,-0.002920018400144331,74.41285714285719,72.56420000000003,red
2017-08-31,2017,8,31,Thursday,35,2017-35,78.6,78.75,78.06,78.07,8194800.0,73.02,-0.005984265674890632,74.25714285714291,72.60740000000003,red
2017-09-01,2017,9,1,Friday,35,2017-35,78.31,78.5,78.21,78.37,6474400.0,73.3,0.0038429023122927846,74.10142857142861,72.66960000000003,red
2017-09-05,2017,9,5,Tuesday,36,2017-36,77.95,79.89,77.9,79.8,12068500.0,74.64,0.018246749123853382,74.03714285714291,72.77120000000002,green
2017-09-06,2017,9,6,Wednesday,36,2017-36,79.88,80.4,79.72,80.08,8426100.0,74.9,0.0035087400081408315,73.97714285714291,72.86580000000002,green
2017-09-07,2017,9,7,Thursday,36,2017-36,80.32,80.76,80.0,80.12,6820800.0,74.94,0.0004995396269689144,74.00571428571433,72.95160000000003,green
2017-09-08,2017,9,8,Friday,36,2017-36,79.74,79.88,77.73,78.88,9999600.0,73.78,-0.015476876622069537,73.97714285714291,73.00500000000002,green
2017-09-11,2017,9,11,Monday,37,2017-37,79.15,79.35,78.66,79.08,7000200.0,73.96,0.0025356957082418585,73.93500000000007,73.07280000000003,green
2017-09-12,2017,9,12,Tuesday,37,2017-37,79.3,79.91,79.17,79.61,6005000.0,74.46,0.006701875815543934,73.9078571428572,73.15520000000002,green
2017-09-13,2017,9,13,Wednesday,37,2017-37,79.61,80.68,79.59,79.86,8823700.0,74.69,0.0031404526969376345,73.90071428571436,73.24820000000003,green
2017-09-14,2017,9,14,Thursday,37,2017-37,79.79,79.82,79.22,79.68,6939300.0,74.52,-0.002254018612737218,73.99000000000008,73.33840000000002,green
2017-09-15,2017,9,15,Friday,37,2017-37,79.81,80.75,79.27,80.38,13317800.0,75.18,0.008784907211842663,74.10714285714293,73.43900000000002,green
2017-09-18,2017,9,18,Monday,38,2017-38,80.21,81.12,79.95,80.0,8176100.0,74.82,-0.004727408087873418,74.2385714285715,73.53500000000003,red
2017-09-19,2017,9,19,Tuesday,38,2017-38,80.18,80.46,79.7,80.05,6174400.0,74.87,0.0006251509727872584,74.32428571428578,73.67120000000001,red
2017-09-20,2017,9,20,Wednesday,38,2017-38,80.17,80.56,79.87,80.5,5318200.0,75.29,0.005621518904530332,74.45500000000007,73.81120000000001,red
2017-09-21,2017,9,21,Thursday,38,2017-38,80.57,80.57,79.72,80.01,6430300.0,74.83,-0.00608723003065903,74.58428571428577,73.93340000000002,red
2017-09-22,2017,9,22,Friday,38,2017-38,79.89,80.08,79.25,79.53,5755300.0,74.38,-0.0059993132456321865,74.66142857142863,74.02600000000002,red
2017-09-25,2017,9,25,Monday,39,2017-39,78.92,80.1,78.86,79.15,8547800.0,74.03,-0.004777933727003747,74.6178571428572,74.08760000000002,red
2017-09-26,2017,9,26,Tuesday,39,2017-39,79.04,79.54,78.92,79.39,5835300.0,74.25,0.0030323520624333518,74.57142857142863,74.15300000000003,red
2017-09-27,2017,9,27,Wednesday,39,2017-39,79.42,79.57,78.67,79.29,6314600.0,74.16,-0.001259703104623533,74.51571428571434,74.21980000000002,red
2017-09-28,2017,9,28,Thursday,39,2017-39,79.0,79.08,78.12,78.95,12372800.0,73.84,-0.004288084021385585,74.52000000000005,74.28620000000002,red
2017-09-29,2017,9,29,Friday,39,2017-39,78.85,79.0,77.98,78.14,10353400.0,73.08,-0.01025953269051405,74.45714285714291,74.33460000000002,red
2017-10-02,2017,10,2,Monday,40,2017-40,77.9,78.83,77.5,78.45,7709200.0,73.37,0.003967026939788676,74.37928571428574,74.38640000000002,green
2017-10-03,2017,10,3,Tuesday,40,2017-40,78.83,79.66,78.75,79.22,7936700.0,74.09,0.009815107596117922,74.33642857142857,74.43900000000002,green
2017-10-04,2017,10,4,Wednesday,40,2017-40,79.27,79.78,79.07,79.09,6173400.0,73.97,-0.0016408197652932888,74.29714285714287,74.45880000000002,green
2017-10-05,2017,10,5,Thursday,40,2017-40,79.17,79.81,79.08,79.41,5138700.0,74.27,0.004046031250638071,74.23214285714288,74.47760000000002,green
2017-10-06,2017,10,6,Friday,40,2017-40,78.78,79.17,78.25,79.0,6246700.0,73.89,-0.005163071475904779,74.16571428571432,74.47240000000002,green
2017-10-09,2017,10,9,Monday,41,2017-41,79.5,81.38,79.4,80.53,13493000.0,75.32,0.019367160847779445,74.19785714285717,74.49520000000003,green
2017-10-10,2017,10,10,Tuesday,41,2017-41,82.68,84.88,82.61,84.13,25124000.0,78.69,0.04470369081679326,74.44071428571431,74.58200000000002,green
2017-10-11,2017,10,11,Wednesday,41,2017-41,84.58,86.29,84.1,85.73,18561000.0,80.18,0.019018126579175787,74.82285714285719,74.68920000000001,green
2017-10-12,2017,10,12,Thursday,41,2017-41,85.7,86.37,85.06,86.1,12877000.0,80.53,0.004316119064789126,75.26214285714289,74.80280000000002,green
2017-10-13,2017,10,13,Friday,41,2017-41,86.24,86.95,86.24,86.62,9389000.0,81.01,0.0060393931464362005,75.76071428571433,74.91980000000005,green
2017-10-16,2017,10,16,Monday,42,2017-42,86.58,86.62,85.02,85.74,9300300.0,80.19,-0.010159359173087634,76.18500000000004,75.02760000000005,green
2017-10-17,2017,10,17,Tuesday,42,2017-42,85.5,86.36,85.32,85.98,5851500.0,80.42,0.0027991894128951427,76.63214285714291,75.12500000000003,green
2017-10-18,2017,10,18,Wednesday,42,2017-42,86.15,86.37,86.01,86.22,5472100.0,80.64,0.002791280949481445,77.1178571428572,75.22120000000002,green
2017-10-19,2017,10,19,Thursday,42,2017-42,86.15,86.66,85.77,86.4,7029000.0,80.81,0.0020876571928003518,77.67000000000007,75.31080000000003,green
2017-10-20,2017,10,20,Friday,42,2017-42,86.6,87.45,86.28,87.44,7617800.0,81.78,0.01203722612445146,78.27071428571433,75.43760000000003,green
2017-10-23,2017,10,23,Monday,43,2017-43,87.34,88.92,87.26,88.65,10586000.0,82.91,0.013838024013683723,78.90071428571436,75.59180000000003,green
2017-10-24,2017,10,24,Tuesday,43,2017-43,88.69,88.8,87.91,87.98,7700900.0,82.29,-0.007557943358258434,79.49500000000008,75.72800000000002,green
2017-10-25,2017,10,25,Wednesday,43,2017-43,87.85,88.6,87.43,88.48,6408000.0,82.75,0.005683277421857591,80.10071428571436,75.87220000000003,green
2017-10-26,2017,10,26,Thursday,43,2017-43,88.66,89.11,88.02,88.62,6484900.0,82.89,0.0015822179428235386,80.7435714285715,76.01520000000005,green
2017-10-27,2017,10,27,Friday,43,2017-43,88.14,88.39,87.15,88.17,6617000.0,82.46,-0.005077890099200455,81.2535714285715,76.17360000000005,green
2017-10-30,2017,10,30,Monday,44,2017-44,87.94,87.95,86.39,86.95,7052000.0,81.32,-0.013836972576499074,81.44142857142865,76.31640000000004,green
2017-10-31,2017,10,31,Tuesday,44,2017-44,86.86,87.46,86.6,87.31,6006900.0,81.66,0.004140353800282437,81.54714285714293,76.45860000000003,green
2017-11-01,2017,11,1,Wednesday,44,2017-44,87.07,88.4,87.0,87.94,6176100.0,82.25,0.007215860205484814,81.67000000000007,76.60680000000005,green
2017-11-02,2017,11,2,Thursday,44,2017-44,88.28,89.17,87.8,88.8,5183100.0,83.05,0.009779324918898212,81.81571428571434,76.77200000000003,green
2017-11-03,2017,11,3,Friday,44,2017-44,89.02,89.88,88.76,89.68,6512100.0,83.88,0.009909858765750013,82.07928571428579,76.98420000000004,green
2017-11-06,2017,11,6,Monday,45,2017-45,89.42,89.68,88.68,88.7,5257400.0,82.96,-0.010927780269562093,82.26071428571436,77.17260000000005,green
2017-11-07,2017,11,7,Tuesday,45,2017-45,88.87,89.06,88.31,88.95,5349300.0,83.19,0.002818526199933613,82.44285714285719,77.37680000000005,green
2017-11-08,2017,11,8,Wednesday,45,2017-45,89.11,90.42,89.1,90.26,6767500.0,84.42,0.014727336154453319,82.70071428571438,77.59180000000003,green
2017-11-09,2017,11,9,Thursday,45,2017-45,89.94,90.57,89.35,90.3,6904500.0,84.46,0.00044319891651234405,82.89214285714293,77.81180000000003,green
2017-11-10,2017,11,10,Friday,45,2017-45,90.24,91.69,90.2,90.92,7647800.0,85.04,0.006865907618244238,83.04428571428579,78.05220000000004,green
2017-11-13,2017,11,13,Monday,46,2017-46,91.04,91.98,90.87,90.99,8491600.0,85.1,0.0007698782639526948,83.24500000000008,78.28820000000003,green
2017-11-14,2017,11,14,Tuesday,46,2017-46,90.7,91.2,90.18,91.09,9834100.0,85.2,0.0010991080818600896,83.42000000000007,78.49940000000005,green
2017-11-15,2017,11,15,Wednesday,46,2017-46,90.34,90.85,89.65,89.83,8433400.0,84.02,-0.01383248263887493,83.50071428571434,78.68180000000002,green
2017-11-16,2017,11,16,Thursday,46,2017-46,95.12,99.68,94.72,99.62,38122400.0,93.17,0.10898364055812172,84.26571428571434,79.04640000000003,green
2017-11-17,2017,11,17,Friday,46,2017-46,99.24,100.13,96.58,97.47,23575500.0,91.16,-0.021581901427681797,84.96857142857152,79.39400000000002,green
2017-11-20,2017,11,20,Monday,47,2017-47,96.44,97.64,95.76,97.48,16394300.0,91.17,0.00010252000876742606,85.64785714285722,79.73820000000002,red
2017-11-21,2017,11,21,Tuesday,47,2017-47,97.74,97.92,96.32,96.52,12746500.0,90.27,-0.009848275899004166,86.22071428571438,80.05440000000003,red
2017-11-22,2017,11,22,Wednesday,47,2017-47,96.65,96.81,96.11,96.41,8918200.0,90.17,-0.0011395805288925145,86.7292857142858,80.36400000000002,red
2017-11-24,2017,11,24,Friday,47,2017-47,96.87,97.23,96.53,96.62,4496100.0,90.37,0.002178198721712876,87.19285714285722,80.68100000000003,red
2017-11-27,2017,11,27,Monday,48,2017-48,96.85,97.65,96.3,96.62,8904900.0,90.37,0.0,87.72214285714294,80.98480000000005,green
2017-11-28,2017,11,28,Tuesday,48,2017-48,96.59,96.89,95.82,96.77,8709600.0,90.51,0.0015523419620142589,88.24500000000008,81.29860000000005,green
2017-11-29,2017,11,29,Wednesday,48,2017-48,97.22,98.26,96.88,97.56,11424000.0,91.25,0.008163821998536491,88.73285714285721,81.62620000000005,green
2017-11-30,2017,11,30,Thursday,48,2017-48,98.09,98.44,96.51,97.23,12854700.0,90.94,-0.003382547992172857,89.19571428571435,81.93920000000004,green
2017-12-01,2017,12,1,Friday,48,2017-48,97.61,97.71,96.23,97.35,8296200.0,91.05,0.001234032000096752,89.62500000000006,82.26360000000005,green
2017-12-04,2017,12,4,Monday,49,2017-49,97.73,97.96,96.68,97.01,8956500.0,90.73,-0.003492240308565986,90.02714285714295,82.59060000000005,green
2017-12-05,2017,12,5,Tuesday,49,2017-49,97.0,97.94,96.92,97.83,9010100.0,91.5,0.008452472887104712,90.47714285714292,82.94000000000005,green
2017-12-06,2017,12,6,Wednesday,49,2017-49,97.99,98.14,97.24,97.28,7141000.0,91.46,-0.0004108223977336012,91.00857142857149,83.28420000000004,green
2017-12-07,2017,12,7,Thursday,49,2017-49,97.06,97.58,96.65,96.78,7502600.0,91.47,0.000103185745185419,90.88714285714292,83.63040000000005,green
2017-12-08,2017,12,8,Friday,49,2017-49,96.3,96.7,96.14,96.55,5821100.0,91.25,-0.002376530392406484,90.89357142857149,83.97860000000004,green
2017-12-11,2017,12,11,Monday,50,2017-50,96.96,97.27,96.29,96.93,8928900.0,91.61,0.003935929551400763,90.92500000000004,84.34920000000005,green
2017-12-12,2017,12,12,Tuesday,50,2017-50,96.85,97.24,96.6,96.7,7810600.0,91.4,-0.0023729356421778873,91.00571428571436,84.70980000000003,green
2017-12-13,2017,12,13,Wednesday,50,2017-50,96.66,97.91,96.55,97.76,7879400.0,92.4,0.010961802231277185,91.16500000000006,85.07600000000002,green
2017-12-14,2017,12,14,Thursday,50,2017-50,98.0,98.57,97.1,97.13,9385800.0,91.8,-0.0064445314746844895,91.2671428571429,85.43260000000002,green
2017-12-15,2017,12,15,Friday,50,2017-50,97.71,98.49,96.91,97.11,16142800.0,91.78,-0.00020568975253654198,91.36785714285719,85.78280000000002,green
2017-12-18,2017,12,18,Monday,51,2017-51,97.38,98.17,97.36,97.9,7964400.0,92.53,0.008134936962862716,91.51214285714286,86.15559999999998,green
2017-12-19,2017,12,19,Tuesday,51,2017-51,99.91,99.91,98.29,98.8,12012200.0,93.38,0.009193132463313436,91.66428571428577,86.5168,green
2017-12-20,2017,12,20,Wednesday,51,2017-51,99.45,99.65,98.45,98.75,10729800.0,93.33,-0.0005061452322262516,91.83500000000004,86.8096,green
2017-12-21,2017,12,21,Thursday,51,2017-51,99.0,99.33,97.98,98.06,7369100.0,92.68,-0.006987196910092308,91.95142857142862,87.0596,green
2017-12-22,2017,12,22,Friday,51,2017-51,98.29,98.42,97.68,98.21,5478700.0,92.82,0.0015295650325677368,92.10071428571432,87.3054,green
2017-12-26,2017,12,26,Tuesday,52,2017-52,98.35,99.44,98.35,99.16,4295900.0,93.72,0.009673217699220915,92.25928571428578,87.5596,green
2017-12-27,2017,12,27,Wednesday,52,2017-52,99.56,99.6,98.83,99.26,5140800.0,93.82,0.0010083711001021012,92.42785714285719,87.83220000000001,green
2017-12-28,2017,12,28,Thursday,52,2017-52,99.52,99.62,99.12,99.4,9763900.0,93.95,0.0014104763488635985,92.60500000000003,88.1028,green
2017-12-29,2017,12,29,Friday,52,2017-52,99.4,99.69,98.75,98.75,7144300.0,93.33,-0.006539277283336475,92.75357142857145,88.3566,green
2018-01-02,2018,1,2,Tuesday,0,2018-00,99.3,99.79,98.52,98.59,10150500.0,93.18,-0.0016202397130800072,92.86571428571432,88.604,green
2018-01-03,2018,1,3,Wednesday,0,2018-00,98.85,100.0,98.77,99.45,8903600.0,93.99,0.008723095668959234,93.05071428571432,88.84819999999998,green
2018-01-04,2018,1,4,Thursday,0,2018-00,99.54,99.78,98.91,99.54,6830400.0,94.08,0.0009049443940931656,93.17071428571433,89.0716,green
2018-01-05,2018,1,5,Friday,0,2018-00,99.64,100.38,99.61,100.13,7284000.0,94.64,0.005927220800044264,93.3735714285715,89.3186,green
2018-01-08,2018,1,8,Monday,1,2018-01,100.25,101.75,100.21,101.61,8843900.0,96.04,0.014780802804955416,93.67785714285719,89.5844,green
2018-01-09,2018,1,9,Tuesday,1,2018-01,102.03,102.35,100.31,100.39,7312700.0,94.88,-0.0120066614345663,93.84571428571432,89.8242,green
2018-01-10,2018,1,10,Wednesday,1,2018-01,99.75,99.89,98.53,99.67,7930400.0,94.2,-0.0071721699510869374,93.90428571428572,90.059,green
2018-01-11,2018,1,11,Thursday,1,2018-01,99.7,100.45,98.78,100.02,6537700.0,94.53,0.003511685831109057,93.99000000000002,90.3232,green
2018-01-12,2018,1,12,Friday,1,2018-01,100.39,101.44,100.3,100.87,6951200.0,95.34,0.008498305100613335,94.18000000000002,90.5968,green
2018-01-16,2018,1,16,Tuesday,2,2018-02,101.34,101.91,100.34,100.69,7170700.0,95.17,-0.0017844101547326296,94.34785714285715,90.8552,green
2018-01-17,2018,1,17,Wednesday,2,2018-02,101.15,102.94,100.7,102.7,8681900.0,97.07,0.019962227751363137,94.58714285714287,91.1356,green
2018-01-18,2018,1,18,Thursday,2,2018-02,104.74,104.94,103.62,104.3,12307900.0,98.58,0.0155793839850642,94.92714285714287,91.4296,green
2018-01-19,2018,1,19,Friday,2,2018-02,104.64,104.93,103.66,104.59,8378600.0,98.85,0.0027803741265233213,95.27714285714286,91.7474,green
2018-01-22,2018,1,22,Monday,3,2018-03,104.5,105.45,104.04,105.45,7308300.0,99.67,0.008222524490524297,95.73000000000002,92.077,green
2018-01-23,2018,1,23,Tuesday,3,2018-03,105.29,106.15,104.57,105.9,8287800.0,100.09,0.004267500018754644,96.22357142857143,92.3904,green
2018-01-24,2018,1,24,Wednesday,3,2018-03,106.35,106.44,104.82,105.79,6823100.0,99.99,-0.0010387118539989526,96.65214285714286,92.701,green
2018-01-25,2018,1,25,Thursday,3,2018-03,105.85,106.81,105.85,106.6,5857100.0,100.75,0.007656704925646852,97.12857142857143,93.0152,green
2018-01-26,2018,1,26,Friday,3,2018-03,107.0,108.41,106.68,108.39,6786300.0,102.44,0.016791722336430892,97.6857142857143,93.36200000000001,green
2018-01-29,2018,1,29,Monday,4,2018-04,108.11,109.98,107.99,109.55,8355200.0,103.54,0.010702135102167444,98.22142857142859,93.7288,red
2018-01-30,2018,1,30,Tuesday,4,2018-04,109.14,109.36,107.15,107.73,9180500.0,101.82,-0.01661350916510973,98.71714285714287,94.08479999999996,red
2018-01-31,2018,1,31,Wednesday,4,2018-04,107.77,108.18,106.07,106.6,9812800.0,100.75,-0.010489112785574071,99.185,94.23639999999996,red
2018-02-01,2018,2,1,Thursday,4,2018-04,105.96,106.56,105.18,105.52,6386800.0,99.73,-0.010131341771814515,99.55642857142857,94.40779999999997,red
2018-02-02,2018,2,2,Friday,4,2018-04,105.15,106.47,104.15,104.48,9253100.0,98.75,-0.009855907168105691,99.8,94.55939999999997,red
2018-02-05,2018,2,5,Monday,5,2018-05,103.4,104.61,97.09,100.09,12561600.0,94.6,-0.042017744886087886,99.75928571428572,94.64599999999996,red
2018-02-06,2018,2,6,Tuesday,5,2018-05,97.64,101.08,97.25,100.9,16413800.0,95.37,0.008092906603291539,99.63785714285713,94.74999999999996,red
2018-02-07,2018,2,7,Wednesday,5,2018-05,100.5,104.59,100.01,102.85,11165200.0,97.21,0.01932586671513703,99.54,94.88679999999997,red
2018-02-08,2018,2,8,Thursday,5,2018-05,103.23,103.48,100.0,100.02,13975100.0,94.53,-0.02751573388318862,99.23142857142858,94.96999999999996,red
2018-02-09,2018,2,9,Friday,5,2018-05,100.53,101.1,96.43,99.37,14184600.0,93.92,-0.006498661173947595,98.8207142857143,95.03819999999996,red
2018-02-12,2018,2,12,Monday,6,2018-06,100.13,100.45,98.8,99.55,9135100.0,94.09,0.001811264706625293,98.39214285714287,95.09499999999996,green
2018-02-13,2018,2,13,Tuesday,6,2018-06,99.33,101.22,99.33,100.98,6622800.0,95.44,0.01436475064220666,98.06714285714287,95.18499999999996,green
2018-02-14,2018,2,14,Wednesday,6,2018-06,100.86,102.25,100.21,101.7,7307600.0,96.12,0.007129945378893109,97.73642857142859,95.28639999999996,green
2018-02-15,2018,2,15,Thursday,6,2018-06,102.55,103.64,101.83,103.23,7494900.0,97.57,0.01504457637560841,97.38857142857144,95.42319999999997,green
2018-02-16,2018,2,16,Friday,6,2018-06,103.09,104.94,101.98,104.78,16064300.0,99.03,0.01501473604532877,97.06642857142859,95.57379999999996,green
2018-02-20,2018,2,20,Tuesday,7,2018-07,96.99,97.94,94.1,94.11,52088500.0,88.95,-0.1018323494898148,96.14714285714287,95.52359999999994,red
2018-02-21,2018,2,21,Wednesday,7,2018-07,95.11,95.34,91.24,91.52,49503700.0,86.5,-0.02752097793201069,95.12928571428574,95.42419999999994,red
2018-02-22,2018,2,22,Thursday,7,2018-07,91.43,93.39,91.31,92.77,20365000.0,87.68,0.013658230333367216,94.26857142857145,95.35279999999996,red
2018-02-23,2018,2,23,Friday,7,2018-07,92.88,93.49,91.76,92.89,12791500.0,87.79,0.0012936196368449338,93.48571428571432,95.27639999999997,red
2018-02-26,2018,2,26,Monday,8,2018-08,92.9,93.8,92.22,93.12,14699300.0,88.01,0.0024759663890083767,93.01500000000004,95.20859999999998,red
2018-02-27,2018,2,27,Tuesday,8,2018-08,93.63,93.72,91.51,91.52,13376100.0,86.5,-0.017182160968897353,92.38142857142859,95.09059999999998,red
2018-02-28,2018,2,28,Wednesday,8,2018-08,92.0,92.1,90.0,90.01,14143700.0,85.07,-0.01649901664410769,91.51428571428578,94.95599999999996,red
2018-03-01,2018,3,1,Thursday,8,2018-08,90.17,90.18,87.71,89.08,18909600.0,84.19,-0.010332317099145394,90.77571428571432,94.80419999999997,red
2018-03-02,2018,3,2,Friday,8,2018-08,87.27,88.9,87.24,88.77,19043400.0,83.9,-0.0034799721950194984,90.06000000000004,94.63159999999996,red
2018-03-05,2018,3,5,Monday,9,2018-09,88.14,90.5,88.07,89.98,13383200.0,85.04,0.013630771217319593,89.41357142857147,94.46479999999997,green
2018-03-06,2018,3,6,Tuesday,9,2018-09,90.35,90.5,88.63,89.06,11054700.0,84.17,-0.01022452105189875,88.6085714285715,94.28159999999995,green
2018-03-07,2018,3,7,Wednesday,9,2018-09,87.98,88.53,87.34,87.74,11453000.0,82.93,-0.014821503865328543,87.66642857142863,94.08659999999996,green
2018-03-08,2018,3,8,Thursday,9,2018-09,87.77,88.13,87.34,87.92,9588700.0,83.59,0.008025719101579565,86.6678571428572,93.90199999999996,green
2018-03-09,2018,3,9,Friday,9,2018-09,88.24,88.72,87.53,88.72,9754400.0,84.35,0.009099118290180508,85.61928571428577,93.71459999999998,green
2018-03-12,2018,3,12,Monday,10,2018-10,88.7,89.44,87.88,88.07,8474000.0,83.74,-0.007326279656907021,85.2471428571429,93.51299999999998,green
2018-03-13,2018,3,13,Tuesday,10,2018-10,88.39,88.9,87.98,88.3,7173000.0,83.95,0.002611486092483517,85.06500000000005,93.31299999999996,green
2018-03-14,2018,3,14,Wednesday,10,2018-10,88.51,88.99,87.5,87.67,11040600.0,83.36,-0.0071347549105227346,84.75642857142861,93.11359999999996,green
2018-03-15,2018,3,15,Thursday,10,2018-10,87.68,88.79,85.9,87.51,16615200.0,83.2,-0.0018251777880229358,84.42857142857147,92.91399999999996,green
2018-03-16,2018,3,16,Friday,10,2018-10,87.72,90.09,87.5,89.17,28396000.0,84.78,0.018969389036978423,84.19785714285719,92.72979999999997,green
2018-03-19,2018,3,19,Monday,11,2018-11,88.91,89.08,87.1,87.45,12053400.0,83.15,-0.019289009562434626,83.95857142857149,92.51119999999996,red
2018-03-20,2018,3,20,Tuesday,11,2018-11,87.86,88.15,87.37,87.95,8258000.0,83.62,0.0057175135395235435,83.85500000000006,92.29079999999996,red
2018-03-21,2018,3,21,Wednesday,11,2018-11,87.89,89.68,87.68,88.18,11836000.0,83.84,0.002615232066263351,83.83000000000007,92.04679999999996,red
2018-03-22,2018,3,22,Thursday,11,2018-11,87.53,88.27,86.99,87.14,12248200.0,82.85,-0.011794175811815856,83.75500000000005,91.80619999999996,red
2018-03-23,2018,3,23,Friday,11,2018-11,87.35,87.69,85.28,85.42,10125100.0,81.22,-0.01973818037561903,83.4821428571429,91.54659999999996,red
2018-03-26,2018,3,26,Monday,12,2018-12,86.22,87.69,86.11,87.5,9199800.0,83.19,0.02435023012903104,83.41214285714291,91.31979999999996,green
2018-03-27,2018,3,27,Tuesday,12,2018-12,87.96,88.04,85.48,86.05,6545800.0,81.81,-0.016571313073361904,83.33214285714291,91.04919999999996,green
2018-03-28,2018,3,28,Wednesday,12,2018-12,86.26,88.24,86.19,87.77,11576300.0,83.45,0.01998819988796696,83.32214285714291,90.81479999999996,green
2018-03-29,2018,3,29,Thursday,12,2018-12,87.9,89.34,87.77,88.97,9274600.0,84.59,0.01367218587941288,83.33928571428577,90.56519999999996,green
2018-04-02,2018,4,2,Monday,13,2018-13,88.0,88.24,84.84,85.55,19128900.0,81.34,-0.0384398890319827,83.16785714285719,90.22039999999996,red
2018-04-03,2018,4,3,Tuesday,13,2018-13,86.25,86.95,85.55,86.8,9695500.0,82.53,0.014611235611063478,83.06642857142859,89.89399999999996,red
2018-04-04,2018,4,4,Wednesday,13,2018-13,85.6,87.5,85.44,87.22,6536600.0,82.93,0.0048388240424344095,83.03571428571433,89.55919999999996,red
2018-04-05,2018,4,5,Thursday,13,2018-13,87.6,88.35,87.05,87.81,6380900.0,83.49,0.006764382281946091,83.05642857142861,89.22719999999997,red
2018-04-06,2018,4,6,Friday,13,2018-13,86.83,87.9,86.13,86.69,6350000.0,82.42,-0.012754686621295641,82.8878571428572,88.87579999999996,red
2018-04-09,2018,4,9,Monday,14,2018-14,86.85,87.45,86.24,86.28,8368100.0,82.03,-0.0047297217242301395,82.80785714285719,88.50139999999996,red
2018-04-10,2018,4,10,Tuesday,14,2018-14,86.84,87.1,85.66,86.45,9127400.0,82.2,0.0019704645160605327,82.70642857142862,88.09659999999997,red
2018-04-11,2018,4,11,Wednesday,14,2018-14,86.0,86.86,85.8,85.91,6279000.0,81.68,-0.0062463602733899845,82.55214285714294,87.65939999999996,red
2018-04-12,2018,4,12,Thursday,14,2018-14,86.19,86.83,85.41,85.43,6856300.0,81.23,-0.005587334192712401,82.43642857142865,87.24759999999996,red
2018-04-13,2018,4,13,Friday,14,2018-14,85.89,86.27,85.19,86.02,7559200.0,81.79,0.006906210197663798,82.47714285714292,86.86839999999997,red
2018-04-16,2018,4,16,Monday,15,2018-15,86.2,87.65,86.12,86.84,7020700.0,82.57,0.00953265734355768,82.4328571428572,86.52519999999996,green
2018-04-17,2018,4,17,Tuesday,15,2018-15,87.48,88.17,87.41,87.9,6801900.0,83.57,0.01220653155702589,82.55857142857148,86.22159999999997,green
2018-04-18,2018,4,18,Wednesday,15,2018-15,88.2,88.56,87.51,87.57,5854000.0,83.26,-0.003754276337560758,82.54500000000007,85.99479999999996,green
2018-04-19,2018,4,19,Thursday,15,2018-15,87.41,88.04,86.58,87.89,6588300.0,83.56,0.0036542488122019994,82.47142857142862,85.75859999999997,green
2018-04-20,2018,4,20,Friday,15,2018-15,87.87,88.38,86.67,86.98,8324900.0,82.7,-0.010353851467493349,82.5685714285715,85.46839999999995,green
2018-04-23,2018,4,23,Monday,16,2018-16,86.89,87.08,86.02,86.1,7360500.0,81.86,-0.010117418440145576,82.52071428571433,85.21499999999995,green
2018-04-24,2018,4,24,Tuesday,16,2018-16,86.77,86.91,85.57,86.53,8469700.0,82.27,0.004994195635057874,82.47357142857147,84.98199999999997,green
2018-04-25,2018,4,25,Wednesday,16,2018-16,86.32,87.7,85.89,87.17,6760400.0,82.88,0.007396338998592489,82.43000000000005,84.75779999999997,green
2018-04-26,2018,4,26,Thursday,16,2018-16,87.17,88.32,86.9,87.94,5782500.0,83.61,0.008833400026382554,82.51500000000003,84.52119999999995,green
2018-04-27,2018,4,27,Friday,16,2018-16,87.87,87.9,87.08,87.29,5651100.0,82.99,-0.007391533657689075,82.58357142857146,84.25859999999997,green
2018-04-30,2018,4,30,Monday,17,2018-17,87.94,89.66,87.92,88.46,8685900.0,84.11,0.013403467775555676,82.72000000000003,83.98939999999997,green
2018-05-01,2018,5,1,Tuesday,17,2018-17,87.67,88.01,86.35,87.41,6957700.0,83.11,-0.011869509686174506,82.82214285714288,83.67099999999995,green
2018-05-02,2018,5,2,Wednesday,17,2018-17,87.13,87.25,86.16,86.34,6083000.0,82.09,-0.012241131114885341,82.88357142857143,83.53379999999997,green
2018-05-03,2018,5,3,Thursday,17,2018-17,86.19,86.29,85.12,86.23,6876100.0,81.99,-0.0012740052828281725,82.89785714285716,83.44359999999998,green
2018-05-04,2018,5,4,Friday,17,2018-17,86.0,88.1,85.36,87.53,6971500.0,83.22,0.015075759401655953,82.94428571428574,83.35439999999997,green
2018-05-07,2018,5,7,Monday,18,2018-18,87.49,87.5,85.27,85.47,10783600.0,81.26,-0.023534790408270445,82.77928571428573,83.22379999999997,red
2018-05-08,2018,5,8,Tuesday,18,2018-18,85.52,85.85,84.92,85.74,6551400.0,81.52,0.003158943776583989,82.65500000000002,83.09399999999998,red
2018-05-09,2018,5,9,Wednesday,18,2018-18,82.56,83.68,82.0,83.06,32265200.0,78.97,-0.03125720636945728,82.32714285714289,82.94339999999998,red
2018-05-10,2018,5,10,Thursday,18,2018-18,82.64,83.77,82.01,82.69,15857600.0,79.12,0.0018173107568546511,82.07142857142857,82.82439999999998,red
2018-05-11,2018,5,11,Friday,18,2018-18,82.69,83.52,81.95,83.38,9934800.0,79.78,0.008344407135321584,81.92285714285717,82.7362,red
2018-05-14,2018,5,14,Monday,19,2018-19,83.89,84.79,83.65,84.39,9499200.0,80.74,0.01211311786617708,81.81357142857145,82.67299999999999,green
2018-05-15,2018,5,15,Tuesday,19,2018-19,84.06,84.88,83.8,84.52,9322900.0,80.87,0.0015403936630877801,81.67,82.58959999999998,green
2018-05-16,2018,5,16,Wednesday,19,2018-19,84.87,86.13,84.74,86.13,13733600.0,82.41,0.019048974032368715,81.58428571428574,82.55439999999999,green
2018-05-17,2018,5,17,Thursday,19,2018-19,87.04,87.59,83.85,84.49,29720700.0,80.84,-0.01904100250925433,81.43071428571429,82.51259999999998,green
2018-05-18,2018,5,18,Friday,19,2018-19,84.24,84.44,83.49,83.64,12043100.0,80.02,-0.010060448956359158,81.13857142857145,82.4412,green
2018-05-21,2018,5,21,Monday,20,2018-20,84.14,84.54,83.82,84.51,10715700.0,80.86,0.010401798844594136,80.97785714285716,82.37139999999998,red
2018-05-22,2018,5,22,Tuesday,20,2018-20,84.5,84.81,83.29,83.37,8067300.0,79.77,-0.013489451228757998,80.81214285714289,82.29199999999999,red
2018-05-23,2018,5,23,Wednesday,20,2018-20,82.95,83.02,82.17,83.01,9399200.0,79.42,-0.004318180883448486,80.62857142857145,82.20139999999998,red
2018-05-24,2018,5,24,Thursday,20,2018-20,83.0,83.0,81.78,82.85,8576200.0,79.27,-0.0019275789028765367,80.34642857142859,82.1196,red
2018-05-25,2018,5,25,Friday,20,2018-20,82.85,83.34,82.32,82.46,5913500.0,78.9,-0.0047071747865520255,80.17785714285719,82.0336,red
2018-05-29,2018,5,29,Tuesday,21,2018-21,81.96,82.52,81.81,82.4,8428200.0,78.84,-0.0007276875289443653,79.98642857142859,81.9148,green
2018-05-30,2018,5,30,Wednesday,21,2018-21,82.45,84.23,82.26,84.12,9314100.0,80.48,0.02087376028843013,80.09428571428575,81.8614,green
2018-05-31,2018,5,31,Thursday,21,2018-21,83.94,84.31,82.51,82.54,11468700.0,78.97,-0.01878265073489338,80.08357142857146,81.7684,green
2018-06-01,2018,6,1,Friday,21,2018-21,83.04,83.42,82.85,82.99,5237900.0,79.4,0.005451835661624882,80.05642857142861,81.6796,green
2018-06-04,2018,6,4,Monday,22,2018-22,83.5,85.52,83.3,85.42,10922000.0,81.73,0.02928058876336648,80.1271428571429,81.65719999999997,green
2018-06-05,2018,6,5,Tuesday,22,2018-22,85.45,85.47,84.25,84.62,8281400.0,80.96,-0.009365229868774529,80.13357142857149,81.65199999999999,green
2018-06-06,2018,6,6,Wednesday,22,2018-22,84.95,85.15,84.35,84.56,7362800.0,80.9,-0.0007093010599937832,80.02571428571434,81.60619999999999,green
2018-06-07,2018,6,7,Thursday,22,2018-22,84.78,85.76,84.69,84.95,7705700.0,81.28,0.004612173444653811,80.05714285714292,81.59559999999998,green
2018-06-08,2018,6,8,Friday,22,2018-22,84.78,85.19,84.14,84.36,7602400.0,80.71,-0.006945119122009569,80.10642857142864,81.54079999999998,green
2018-06-11,2018,6,11,Monday,23,2018-23,84.41,84.54,83.79,84.3,6252300.0,80.66,-0.0007112981271165664,80.09214285714293,81.46219999999998,red
2018-06-12,2018,6,12,Tuesday,23,2018-23,84.32,84.59,83.47,84.1,8061700.0,80.46,-0.002372555318318925,80.14142857142865,81.44459999999998,red
2018-06-13,2018,6,13,Wednesday,23,2018-23,83.89,84.37,83.85,84.09,6358400.0,80.45,-0.00011890040450790451,80.21500000000006,81.40299999999995,red
2018-06-14,2018,6,14,Thursday,23,2018-23,84.22,84.81,83.67,83.79,7517400.0,80.17,-0.00356762596122584,80.27928571428579,81.34779999999995,red
2018-06-15,2018,6,15,Friday,23,2018-23,83.5,83.99,83.06,83.7,12503000.0,80.08,-0.0010741579132995671,80.3635714285715,81.27959999999997,red
2018-06-18,2018,6,18,Monday,24,2018-24,83.05,83.57,82.82,83.0,8502300.0,79.41,-0.008363090137178397,80.40428571428579,81.21939999999995,green
2018-06-19,2018,6,19,Tuesday,24,2018-24,82.6,83.62,82.37,83.61,9352500.0,80.0,0.007349335594007078,80.37000000000009,81.17879999999997,green
2018-06-20,2018,6,20,Wednesday,24,2018-24,83.71,83.82,83.16,83.61,7966600.0,80.0,0.0,80.44357142857152,81.13479999999998,green
2018-06-21,2018,6,21,Thursday,24,2018-24,83.4,84.55,82.9,84.21,8092000.0,80.57,0.007176024323062079,80.52714285714293,81.11259999999997,green
2018-06-22,2018,6,22,Friday,24,2018-24,84.46,84.85,84.1,84.82,10813000.0,81.15,0.00724401977759448,80.48571428571438,81.11099999999998,green
2018-06-25,2018,6,25,Monday,25,2018-25,84.59,86.6,84.48,86.47,15939500.0,82.73,0.019453066132302244,80.61214285714293,81.12979999999997,green
2018-06-26,2018,6,26,Tuesday,25,2018-25,86.53,87.05,85.76,85.98,10126200.0,82.26,-0.0056668033953973795,80.70928571428578,81.12359999999998,green
2018-06-27,2018,6,27,Wednesday,25,2018-25,85.9,87.49,85.55,86.89,10299700.0,83.13,0.010583815894152028,80.84142857142864,81.11479999999997,green
2018-06-28,2018,6,28,Thursday,25,2018-25,86.85,87.29,85.69,85.86,8467000.0,82.15,-0.011854146161276223,80.94428571428578,81.09259999999995,green
2018-06-29,2018,6,29,Friday,25,2018-25,85.9,86.2,85.52,85.65,8255600.0,81.95,-0.002445632892606131,81.03642857142863,81.06039999999996,green
2018-07-02,2018,7,2,Monday,26,2018-26,85.65,85.94,83.4,84.0,8125100.0,80.37,-0.01926464546254114,81.03000000000007,81.01379999999997,red
2018-07-03,2018,7,3,Tuesday,26,2018-26,84.09,85.05,84.09,84.44,4396200.0,80.79,0.0052381309045737,81.05428571428578,80.99239999999998,red
2018-07-05,2018,7,5,Thursday,26,2018-26,84.94,85.58,84.27,84.57,5367500.0,80.91,0.0015395758729583875,81.10714285714293,80.96519999999998,red
2018-07-06,2018,7,6,Friday,26,2018-26,84.2,84.87,83.82,84.51,5613700.0,80.86,-0.0007094376612770682,81.16285714285719,80.92479999999998,red
2018-07-09,2018,7,9,Monday,27,2018-27,85.0,86.47,84.77,85.93,6575400.0,82.22,0.016802699437698854,81.36357142857148,80.89699999999998,green
2018-07-10,2018,7,10,Tuesday,27,2018-27,85.93,87.33,85.88,87.21,6048400.0,83.44,0.01489578591953422,81.60928571428579,80.90599999999998,green
2018-07-11,2018,7,11,Wednesday,27,2018-27,87.06,87.15,86.39,86.53,5595900.0,82.79,-0.0077971745288824,81.80857142857148,80.87959999999998,green
2018-07-12,2018,7,12,Thursday,27,2018-27,86.94,87.41,86.22,86.52,4888600.0,82.78,-0.00011556134939161299,81.96642857142864,80.87299999999998,green
2018-07-13,2018,7,13,Friday,27,2018-27,86.52,87.99,86.5,87.7,6388600.0,83.91,0.01363836822156417,82.16357142857149,80.90939999999998,green
2018-07-16,2018,7,16,Monday,28,2018-28,87.62,87.72,86.83,87.64,4447200.0,83.85,-0.0006842089040264288,82.24357142857149,80.9466,green
2018-07-17,2018,7,17,Tuesday,28,2018-28,87.4,88.7,87.4,88.19,5911500.0,84.38,0.00627573909215684,82.39500000000007,80.9698,green
2018-07-18,2018,7,18,Wednesday,28,2018-28,88.33,89.19,87.94,88.07,5045500.0,84.26,-0.001360633776124054,82.47571428571435,81.0298,green
2018-07-19,2018,7,19,Thursday,28,2018-28,87.86,88.48,87.41,87.72,4883100.0,83.93,-0.0039741033187185035,82.60285714285719,81.078,green
2018-07-20,2018,7,20,Friday,28,2018-28,87.4,88.17,87.2,88.06,4815100.0,84.25,0.003875966173518375,82.7671428571429,81.1836,green
2018-07-23,2018,7,23,Monday,29,2018-29,87.65,88.15,87.38,87.63,4150000.0,83.84,-0.004882982817558279,83.01500000000003,81.27799999999998,green
2018-07-24,2018,7,24,Tuesday,29,2018-29,88.12,88.5,87.61,87.96,5589500.0,84.16,0.0037657450511523467,83.25571428571433,81.36559999999999,green
2018-07-25,2018,7,25,Wednesday,29,2018-29,87.27,88.02,87.11,87.9,5809100.0,84.1,-0.0006820051186192666,83.48357142857147,81.43279999999999,green
2018-07-26,2018,7,26,Thursday,29,2018-29,88.5,89.43,88.18,88.23,6548300.0,84.42,0.0037542685027722724,83.7378571428572,81.5038,green
2018-07-27,2018,7,27,Friday,29,2018-29,88.64,88.88,88.03,88.13,4679400.0,84.32,-0.0011335280087703126,83.88785714285719,81.54199999999999,green
2018-07-30,2018,7,30,Monday,30,2018-30,88.0,88.94,87.89,88.88,6010700.0,85.04,0.008510021871099172,84.00214285714289,81.62599999999998,green
2018-07-31,2018,7,31,Tuesday,30,2018-30,89.0,89.66,88.8,89.23,6708100.0,85.37,0.003938065764998555,84.18642857142859,81.73299999999998,green
2018-08-01,2018,8,1,Wednesday,30,2018-30,88.86,89.13,87.88,88.24,5050000.0,84.43,-0.011095020319527029,84.30428571428577,81.80439999999997,green
2018-08-02,2018,8,2,Thursday,30,2018-30,87.94,88.84,87.62,88.76,4306100.0,84.92,0.0058931907634154354,84.37642857142862,81.90739999999997,green
2018-08-03,2018,8,3,Friday,30,2018-30,89.19,90.28,89.0,89.6,5747200.0,85.73,0.009463630291343115,84.51071428571434,82.03359999999995,green
2018-08-06,2018,8,6,Monday,31,2018-31,89.31,89.98,89.13,89.67,4651600.0,85.79,0.0007812128021715825,84.61142857142862,82.16399999999996,green
2018-08-07,2018,8,7,Tuesday,31,2018-31,89.83,90.36,89.65,89.77,4526700.0,85.89,0.0011152360488113633,84.72785714285722,82.30379999999997,green
2018-08-08,2018,8,8,Wednesday,31,2018-31,89.97,90.23,89.37,90.05,5041100.0,86.16,0.0031192000777424678,84.88714285714293,82.45019999999997,green
2018-08-09,2018,8,9,Thursday,31,2018-31,89.46,89.63,88.76,89.01,4727900.0,85.66,-0.0058082980062799106,84.98785714285722,82.55379999999997,green
2018-08-10,2018,8,10,Friday,31,2018-31,88.7,90.37,88.65,90.18,8244900.0,86.78,0.013144664434650231,85.19785714285722,82.70999999999997,green
2018-08-13,2018,8,13,Monday,32,2018-32,90.2,90.54,89.37,89.64,5879200.0,86.26,-0.005987976047040822,85.34785714285722,82.84719999999997,green
2018-08-14,2018,8,14,Tuesday,32,2018-32,89.64,91.12,89.63,90.85,5836800.0,87.43,0.013498300076158598,85.58571428571437,82.96119999999998,green
2018-08-15,2018,8,15,Wednesday,32,2018-32,90.25,90.41,89.67,90.22,8616900.0,86.82,-0.0069344525636112495,85.75714285714294,83.07839999999999,green
2018-08-16,2018,8,16,Thursday,32,2018-32,100.11,100.21,97.91,98.64,42631300.0,94.92,0.09332741057870764,86.51428571428579,83.35879999999999,green
2018-08-17,2018,8,17,Friday,32,2018-32,97.77,99.67,97.61,97.85,16463300.0,94.16,-0.00800891118560676,87.16571428571437,83.6164,green
2018-08-20,2018,8,20,Monday,33,2018-33,97.67,98.29,95.95,96.0,12679300.0,92.38,-0.018906527945280586,87.66642857142868,83.8498,red
2018-08-21,2018,8,21,Tuesday,33,2018-33,95.96,96.36,95.36,96.08,10531300.0,92.46,0.0008334368385027879,88.2400000000001,84.0858,red
2018-08-22,2018,8,22,Wednesday,33,2018-33,96.2,96.85,95.23,95.67,7765700.0,92.07,-0.004267353016604969,88.75071428571438,84.318,red
2018-08-23,2018,8,23,Thursday,33,2018-33,95.5,95.86,95.06,95.18,6096400.0,91.59,-0.005121704391846005,89.16928571428579,84.5408,red
2018-08-24,2018,8,24,Friday,33,2018-33,95.09,95.66,94.35,94.95,8594300.0,91.37,-0.0024164824242155487,89.56785714285722,84.7648,red
2018-08-27,2018,8,27,Monday,34,2018-34,95.26,95.61,94.29,94.54,7040300.0,90.98,-0.004318055357945605,89.93142857142867,84.98279999999998,green
2018-08-28,2018,8,28,Tuesday,34,2018-34,94.77,96.35,94.53,96.07,9983000.0,92.45,0.016183496144696052,90.38071428571436,85.24359999999999,green
2018-08-29,2018,8,29,Wednesday,34,2018-34,96.28,96.83,95.53,95.64,7862800.0,92.04,-0.004475840143261189,90.83642857142864,85.4844,green
2018-08-30,2018,8,30,Thursday,34,2018-34,95.5,96.5,95.45,96.1,7058700.0,92.48,0.004809720041168752,91.24357142857149,85.73399999999998,green
2018-08-31,2018,8,31,Friday,34,2018-34,96.19,96.44,95.11,95.86,6324700.0,92.25,-0.002497296128947668,91.67142857142865,85.96759999999998,green
2018-09-04,2018,9,4,Tuesday,35,2018-35,95.8,96.27,95.24,95.36,8280700.0,91.77,-0.0052160907579446025,91.98142857142864,86.18,red
2018-09-05,2018,9,5,Wednesday,35,2018-35,95.67,96.83,95.36,96.62,9474600.0,92.98,0.01321314879985902,92.42142857142865,86.385,red
2018-09-06,2018,9,6,Thursday,35,2018-35,96.53,96.72,96.01,96.45,6150800.0,92.82,-0.0017596474961228956,92.27142857142864,86.5962,red
2018-09-07,2018,9,7,Friday,35,2018-35,95.8,96.48,95.64,95.83,6672400.0,92.22,-0.006428013945817157,92.1328571428572,86.77799999999998,red
2018-09-10,2018,9,10,Monday,36,2018-36,96.11,97.19,96.09,96.9,8332600.0,93.25,0.011165626773016024,92.19500000000006,87.0,red
2018-09-11,2018,9,11,Tuesday,36,2018-36,97.27,97.66,96.49,96.64,6463500.0,93.0,-0.0026831842929934124,92.2335714285715,87.221,red
2018-09-12,2018,9,12,Wednesday,36,2018-36,96.26,96.74,95.93,95.97,5900000.0,92.35,-0.00693286412549432,92.25357142857149,87.46060000000001,red
2018-09-13,2018,9,13,Thursday,36,2018-36,95.32,95.62,94.91,95.12,7652900.0,91.54,-0.00885716565742378,92.25000000000007,87.67560000000002,red
2018-09-14,2018,9,14,Friday,36,2018-36,94.53,94.84,94.35,94.59,6319400.0,91.03,-0.005571809792999538,92.22571428571436,87.87800000000001,red
2018-09-17,2018,9,17,Monday,37,2018-37,94.75,95.48,94.37,94.82,5329800.0,91.25,0.0024315552524434287,92.24500000000003,88.08580000000002,green
2018-09-18,2018,9,18,Tuesday,37,2018-37,94.46,95.59,94.15,95.43,6759800.0,91.84,0.006433246393955594,92.20142857142862,88.27820000000001,green
2018-09-19,2018,9,19,Wednesday,37,2018-37,95.57,95.89,94.88,95.24,5675100.0,91.65,-0.0019910276647004954,92.17357142857149,88.44240000000002,green
2018-09-20,2018,9,20,Thursday,37,2018-37,95.35,95.79,94.95,95.75,5552300.0,92.14,0.005355016892485187,92.14928571428577,88.62940000000002,green
2018-09-21,2018,9,21,Friday,37,2018-37,95.92,96.29,95.63,95.9,9530100.0,92.29,0.0015664842096339007,92.15214285714292,88.81960000000002,green
2018-09-24,2018,9,24,Monday,38,2018-38,95.44,96.0,94.86,94.92,5337000.0,91.34,-0.010219006946183384,92.12142857142862,88.96820000000004,red
2018-09-25,2018,9,25,Tuesday,38,2018-38,95.99,96.52,94.99,95.1,6193200.0,91.52,0.0018964022313818774,92.0171428571429,89.12160000000004,red
2018-09-26,2018,9,26,Wednesday,38,2018-38,95.1,95.59,94.52,94.59,5918600.0,91.03,-0.0053628164719471405,91.88928571428578,89.25460000000002,red
2018-09-27,2018,9,27,Thursday,38,2018-38,94.19,94.96,93.82,94.13,5363400.0,90.58,-0.004863026689945982,91.77214285714291,89.38100000000004,red
2018-09-28,2018,9,28,Friday,38,2018-38,94.28,94.37,93.69,93.91,6306300.0,90.37,-0.002337062177746429,91.56642857142865,89.50980000000001,red
2018-10-01,2018,10,1,Monday,39,2018-39,94.29,94.66,94.04,94.4,4994300.0,90.84,0.0052176909651255885,91.41214285714292,89.64160000000003,red
2018-10-02,2018,10,2,Tuesday,39,2018-39,93.93,95.61,93.85,95.15,7754600.0,91.57,0.007944934960141037,91.35642857142862,89.79620000000001,red
2018-10-03,2018,10,3,Wednesday,39,2018-39,95.5,95.54,94.04,94.07,6327400.0,90.53,-0.011350490481169095,91.28428571428577,89.92360000000002,red
2018-10-04,2018,10,4,Thursday,39,2018-39,94.07,94.5,93.2,94.21,6045300.0,90.66,0.0014880166034874074,91.2578571428572,90.0548,red
2018-10-05,2018,10,5,Friday,39,2018-39,93.86,94.19,92.89,93.31,6693400.0,89.79,-0.009553050694199315,91.1535714285715,90.1622,red
2018-10-08,2018,10,8,Monday,40,2018-40,93.25,94.93,93.02,94.69,5762600.0,91.12,0.014789463868552843,91.10214285714292,90.2982,green
2018-10-09,2018,10,9,Tuesday,40,2018-40,95.64,97.74,95.19,97.08,11598900.0,93.42,0.025240250874501543,91.22857142857148,90.4658,green
2018-10-10,2018,10,10,Wednesday,40,2018-40,96.6,97.85,95.7,95.76,9002800.0,92.15,-0.013596842889764591,91.22928571428578,90.6014,green
2018-10-11,2018,10,11,Thursday,40,2018-40,95.81,96.29,93.6,93.92,9926500.0,90.38,-0.0192148495023482,91.09285714285723,90.72039999999998,green
2018-10-12,2018,10,12,Friday,40,2018-40,94.76,95.17,93.67,94.81,8553900.0,91.24,0.009476101794465121,91.08571428571436,90.8468,green
2018-10-15,2018,10,15,Monday,41,2018-41,94.5,94.99,93.82,93.82,8305500.0,90.29,-0.010442020213237145,90.99785714285723,90.938,green
2018-10-16,2018,10,16,Tuesday,41,2018-41,94.7,96.07,94.34,95.81,11241700.0,92.2,0.02121080219974392,91.08142857142866,91.0662,green
2018-10-17,2018,10,17,Wednesday,41,2018-41,95.18,96.62,94.9,96.56,9539400.0,92.92,0.007828013898301345,91.24857142857151,91.2068,green
2018-10-18,2018,10,18,Thursday,41,2018-41,96.4,97.25,95.74,96.17,11398400.0,92.55,-0.004038825468731133,91.40428571428579,91.3346,green
2018-10-19,2018,10,19,Friday,41,2018-41,96.0,97.65,96.0,97.15,8950700.0,93.49,0.010190233744478805,91.59357142857151,91.4912,green
2018-10-22,2018,10,22,Monday,42,2018-42,97.34,97.58,96.74,97.14,7122900.0,93.48,-0.00010298719164125723,91.73000000000009,91.6252,green
2018-10-23,2018,10,23,Tuesday,42,2018-42,96.5,97.99,96.11,97.8,9405800.0,94.12,0.006794345306569083,91.98642857142868,91.78239999999998,green
2018-10-24,2018,10,24,Wednesday,42,2018-42,97.5,99.17,97.28,97.56,10364700.0,93.88,-0.002453968234924609,92.21642857142866,91.91139999999996,green
2018-10-25,2018,10,25,Thursday,42,2018-42,98.01,99.48,97.0,99.18,10737100.0,95.44,0.016605277601391192,92.62000000000009,92.08379999999997,green
2018-10-26,2018,10,26,Friday,42,2018-42,98.81,99.67,98.02,98.94,14925600.0,95.21,-0.0024199830455703397,92.91214285714294,92.08959999999998,green
2018-10-29,2018,10,29,Monday,43,2018-43,99.51,101.73,99.09,99.8,12706100.0,96.04,0.00869225466478407,93.0992857142858,92.12719999999996,green
2018-10-30,2018,10,30,Tuesday,43,2018-43,100.21,102.6,100.06,102.42,12708500.0,98.56,0.02625250551945113,93.55714285714295,92.25079999999998,green
2018-10-31,2018,10,31,Wednesday,43,2018-43,102.49,102.49,100.12,100.28,12354900.0,96.5,-0.02089447219065721,93.99428571428578,92.33159999999998,green
2018-11-01,2018,11,1,Thursday,43,2018-43,99.96,101.17,99.72,100.58,7735100.0,96.79,0.002991678783146323,94.39071428571435,92.426,green
2018-11-02,2018,11,2,Friday,43,2018-43,100.88,101.57,100.31,101.34,7303200.0,97.52,0.007556166384163676,94.90714285714293,92.5446,green
2018-11-05,2018,11,5,Monday,44,2018-44,101.19,103.17,100.63,102.91,7616800.0,99.03,0.015492486810435581,95.39500000000008,92.6978,green
2018-11-06,2018,11,6,Tuesday,44,2018-44,102.54,103.44,102.05,103.33,6368700.0,99.44,0.0040812031229031645,95.86071428571437,92.867,green
2018-11-07,2018,11,7,Wednesday,44,2018-44,103.66,104.47,103.05,104.32,8672600.0,100.39,0.00958095400899617,96.42071428571435,93.0258,green
2018-11-08,2018,11,8,Thursday,44,2018-44,104.33,105.26,104.03,104.88,5961400.0,100.93,0.005368004386573144,96.95214285714293,93.2036,green
2018-11-09,2018,11,9,Friday,44,2018-44,105.0,105.9,104.81,105.56,8450400.0,101.58,0.006483649632862631,97.53071428571435,93.3856,green
2018-11-12,2018,11,12,Monday,45,2018-45,105.5,106.21,103.65,103.87,8943100.0,99.96,-0.016009924639164952,97.9478571428572,93.5398,red
2018-11-13,2018,11,13,Tuesday,45,2018-45,103.67,104.15,102.54,102.94,7956700.0,99.06,-0.008953581375305109,98.3178571428572,93.6856,red
2018-11-14,2018,11,14,Wednesday,45,2018-45,103.0,103.15,101.01,101.53,10481900.0,97.71,-0.013697192148005022,98.48000000000003,93.78020000000002,red
2018-11-15,2018,11,15,Thursday,45,2018-45,102.32,102.8,98.62,99.54,16082600.0,95.79,-0.019600092734744945,98.52142857142859,93.83960000000003,red
2018-11-16,2018,11,16,Friday,45,2018-45,98.82,99.42,96.92,97.69,14235200.0,94.01,-0.01858545143719692,98.37642857142862,93.87540000000004,red
2018-11-19,2018,11,19,Monday,46,2018-46,97.94,98.25,96.43,96.78,9214400.0,93.13,-0.009315241342684131,97.98857142857149,93.87300000000003,red
2018-11-20,2018,11,20,Tuesday,46,2018-46,94.98,95.2,93.6,94.16,12620600.0,90.61,-0.02707171236575945,97.56785714285719,93.82520000000002,red
2018-11-21,2018,11,21,Wednesday,46,2018-46,94.36,94.92,93.31,94.17,9350900.0,90.62,0.00010625749727899424,97.1271428571429,93.7906,red
2018-11-23,2018,11,23,Friday,46,2018-46,94.13,95.55,94.13,95.1,4890000.0,91.52,0.009875761813513241,96.6985714285715,93.79020000000004,red
2018-11-26,2018,11,26,Monday,47,2018-47,95.69,96.07,94.74,95.15,10034600.0,91.57,0.0005258693016376714,96.16571428571432,93.80100000000002,green
2018-11-27,2018,11,27,Tuesday,47,2018-47,94.99,95.54,94.41,95.04,9042300.0,91.46,-0.0011562544056317179,95.59571428571432,93.80520000000004,green
2018-11-28,2018,11,28,Wednesday,47,2018-47,95.45,97.62,95.05,97.46,10070800.0,93.79,0.02546303923645077,95.12428571428578,93.8442,green
2018-11-29,2018,11,29,Thursday,47,2018-47,97.02,97.83,96.74,97.29,6241300.0,93.62,-0.0017443185187601131,94.60214285714291,93.88360000000004,green
2018-11-30,2018,11,30,Friday,47,2018-47,97.4,98.43,97.07,97.65,10664000.0,93.97,0.0037002479707226588,94.0585714285715,93.92020000000002,green
2018-12-03,2018,12,3,Monday,48,2018-48,98.02,99.59,97.67,98.75,9082100.0,95.03,0.011264658377539094,93.70642857142862,93.97500000000002,red
2018-12-04,2018,12,4,Tuesday,48,2018-48,98.25,98.96,95.61,95.81,10426300.0,92.2,-0.029772157711710164,93.21642857142862,93.9922,red
2018-12-06,2018,12,6,Thursday,48,2018-48,94.94,95.41,93.1,94.77,10367200.0,91.7,-0.005457044434680203,92.78714285714292,93.9958,red
2018-12-07,2018,12,7,Friday,48,2018-48,94.5,95.13,92.45,93.19,8496500.0,90.17,-0.01667171146441515,92.38571428571434,93.9786,red
2018-12-10,2018,12,10,Monday,49,2018-49,93.56,94.25,92.34,93.94,7276900.0,90.89,0.008047988743172363,92.1628571428572,93.9848,red
2018-12-11,2018,12,11,Tuesday,49,2018-49,94.25,94.49,93.25,93.85,6452500.0,90.81,-0.0009580550022952883,91.99714285714292,93.99360000000004,red
2018-12-12,2018,12,12,Wednesday,49,2018-49,94.3,94.3,93.06,93.11,9639200.0,90.09,-0.007884773935002642,91.96000000000005,93.97860000000004,red
2018-12-13,2018,12,13,Thursday,49,2018-49,93.25,93.68,92.43,92.96,8042300.0,89.95,-0.0016111330351290534,91.91214285714292,93.94620000000003,red
2018-12-14,2018,12,14,Friday,49,2018-49,92.05,92.56,91.57,91.85,11493600.0,88.87,-0.011940775787813385,91.72285714285721,93.91300000000004,red
2018-12-17,2018,12,17,Monday,50,2018-50,91.22,92.01,90.16,90.77,9001800.0,87.83,-0.011758176476950988,91.45571428571434,93.85640000000004,red
2018-12-18,2018,12,18,Tuesday,50,2018-50,90.8,91.26,90.28,91.08,9606700.0,88.13,0.00341530998090378,91.21785714285718,93.82320000000004,red
2018-12-19,2018,12,19,Wednesday,50,2018-50,91.29,93.0,90.25,90.55,12231500.0,87.61,-0.0058191453231488674,90.77642857142858,93.75300000000004,red
2018-12-20,2018,12,20,Thursday,50,2018-50,90.11,90.11,86.14,87.28,16373800.0,84.45,-0.036112635965541706,90.12142857142862,93.57360000000004,red
2018-12-21,2018,12,21,Friday,50,2018-50,86.87,89.47,86.8,87.13,14921500.0,84.31,-0.0017185706999008898,89.4314285714286,93.41680000000004,red
2018-12-24,2018,12,24,Monday,51,2018-51,86.54,87.57,85.78,85.82,6110300.0,83.04,-0.0150351233418754,88.57500000000003,93.27000000000004,green
2018-12-26,2018,12,26,Wednesday,51,2018-51,86.42,90.42,86.3,90.41,10028300.0,87.48,0.05348413071760905,88.2378571428572,93.19480000000004,green
2018-12-27,2018,12,27,Thursday,51,2018-51,89.75,91.61,88.44,91.59,9881500.0,88.62,0.013051676006278434,88.01785714285721,93.16140000000004,green
2018-12-28,2018,12,28,Friday,51,2018-51,92.07,93.47,91.65,92.13,9874000.0,89.14,0.005895733425346883,87.94428571428577,93.10020000000004,green
2018-12-31,2018,12,31,Monday,52,2018-52,92.67,93.39,92.25,93.15,7005800.0,90.13,0.011071303218687987,87.89000000000006,93.04440000000004,undefined
